opportunity_id,lead_id,customer_id,opportunity_date,offer_date,product,sales_channel,opportunity_status
O000001,L000004,C000019,2024-09-14,2024-10-06,Sprinter,Dealer,Offer Created
O000002,L000005,C000020,2024-12-31,2025-01-14,Vito,Dealer,Offer Created
O000003,L000008,C000031,2025-12-10,2025-12-17,V-Class,Dealer,Offer Created
O000004,L000013,C000052,2025-06-09,2025-06-24,Vito,Direct Sales,Offer Created
O000005,L000016,C000058,2025-05-20,2025-06-06,VLE,Dealer,Offer Created
O000006,L000023,C000086,2024-04-21,2024-05-05,Vito,Dealer,Offer Created
O000007,L000024,C000092,2025-11-13,2025-11-16,Vito,Dealer,Offer Created
O000008,L000029,C000115,2024-10-30,2024-11-02,V-Class,Dealer,Offer Created
O000009,L000030,C000117,2026-01-06,2026-01-17,Vito,Dealer,Offer Created
O000010,L000032,C000122,2024-08-19,2024-09-12,Sprinter,Dealer,Offer Created
O000011,L000034,C000124,2025-12-18,2025-12-23,Sprinter,Dealer,Offer Created
O000012,L000035,C000125,2025-05-29,2025-06-05,Sprinter,Online,Offer Created
O000013,L000036,C000128,2024-06-13,2024-06-30,Vito,Online,Offer Created
O000014,L000038,C000132,2025-05-09,2025-05-31,V-Class,Direct Sales,Offer Created
O000015,L000040,C000136,2025-08-18,2025-09-03,Sprinter,Dealer,Offer Created
O000016,L000041,C000139,2025-12-17,2025-12-23,Vito,Direct Sales,Offer Created
O000017,L000043,C000144,2025-10-27,2025-11-08,VLE,Dealer,Offer Created
O000018,L000046,C000150,2025-03-17,2025-04-04,Sprinter,Direct Sales,Offer Created
O000019,L000047,C000151,2024-12-30,2025-01-02,V-Class,Online,Offer Created
O000020,L000048,C000152,2025-05-02,2025-05-10,Sprinter,Dealer,Offer Created
O000021,L000050,C000163,2025-02-07,2025-03-03,V-Class,Dealer,Offer Created
O000022,L000052,C000167,2024-11-09,2024-11-20,Vito,Dealer,Offer Created
O000023,L000055,C000173,2025-09-28,2025-10-09,Sprinter,Direct Sales,Offer Created
O000024,L000057,C000177,2024-05-09,2024-05-28,Vito,Direct Sales,Offer Created
O000025,L000058,C000184,2025-05-12,2025-05-30,Sprinter,Direct Sales,Offer Created
O000026,L000060,C000186,2024-07-04,2024-07-17,VLE,Online,Offer Created
O000027,L000061,C000192,2025-11-30,2025-12-19,V-Class,Dealer,Offer Created
O000028,L000062,C000197,2025-05-03,2025-05-17,Vito,Online,Offer Created
O000029,L000065,C000211,2024-04-21,2024-05-06,Vito,Dealer,Offer Created
O000030,L000068,C000218,2024-12-27,2025-01-01,Vito,Dealer,Offer Created
O000031,L000069,C000219,2025-12-01,2025-12-09,Sprinter,Dealer,Offer Created
O000032,L000072,C000226,2026-01-06,2026-01-29,Vito,Dealer,Offer Created
O000033,L000073,C000227,2025-04-20,2025-05-11,Sprinter,Dealer,Offer Created
O000034,L000074,C000229,2025-02-21,2025-03-16,Sprinter,Online,Offer Created
O000035,L000075,C000231,2025-10-16,2025-10-26,Sprinter,Dealer,Offer Created
O000036,L000081,C000247,2024-08-15,2024-09-01,Vito,Online,Offer Created
O000037,L000087,C000275,2025-06-07,2025-06-14,Vito,Direct Sales,Offer Created
O000038,L000089,C000281,2025-04-14,2025-05-08,Sprinter,Dealer,Offer Created
O000039,L000090,C000282,2025-03-05,2025-03-16,Sprinter,Direct Sales,Offer Created
O000040,L000095,C000298,2024-09-04,2024-09-26,V-Class,Dealer,Offer Created
O000041,L000099,C000305,2024-06-01,2024-06-24,Sprinter,Dealer,Offer Created
O000042,L000100,C000311,2025-08-10,2025-08-23,VLE,Online,Offer Created
O000043,L000101,C000315,2025-11-20,2025-11-27,VLE,Online,Offer Created
O000044,L000103,C000319,2024-06-10,2024-06-12,V-Class,Direct Sales,Offer Created
O000045,L000106,C000323,2025-11-03,2025-11-09,Vito,Dealer,Offer Created
O000046,L000108,C000333,2024-07-17,2024-07-25,Sprinter,Direct Sales,Offer Created
O000047,L000113,C000347,2025-01-10,2025-01-14,V-Class,Dealer,Offer Created
O000048,L000114,C000348,2025-09-12,2025-09-28,V-Class,Dealer,Offer Created
O000049,L000115,C000351,2025-08-19,2025-09-03,Vito,Dealer,Offer Created
O000050,L000119,C000360,2024-07-21,2024-07-28,Sprinter,Dealer,Offer Created
O000051,L000121,C000362,2024-12-15,2024-12-19,VLE,Direct Sales,Offer Created
O000052,L000122,C000372,2025-01-11,2025-01-22,Vito,Dealer,Offer Created
O000053,L000125,C000381,2024-07-09,2024-07-19,Vito,Online,Offer Created
O000054,L000128,C000389,2025-02-04,2025-02-09,V-Class,Dealer,Offer Created
O000055,L000132,C000411,2026-01-14,2026-01-18,Vito,Dealer,Offer Created
O000056,L000133,C000412,2025-05-19,2025-06-04,Vito,Dealer,Offer Created
O000057,L000138,C000425,2025-09-16,2025-10-06,Vito,Dealer,Offer Created
O000058,L000139,C000426,2025-04-04,2025-04-25,Vito,Dealer,Offer Created
O000059,L000140,C000435,2024-09-09,2024-09-21,Vito,Dealer,Offer Created
O000060,L000146,C000454,2024-09-05,2024-09-10,VLE,Direct Sales,Offer Created
O000061,L000148,C000458,2024-05-14,2024-05-26,Sprinter,Dealer,Offer Created
O000062,L000149,C000459,2024-10-25,2024-11-10,Vito,Online,Offer Created
O000063,L000152,C000486,2024-04-20,2024-04-27,VLE,Dealer,Offer Created
O000064,L000154,C000496,2024-09-24,2024-09-29,Vito,Dealer,Offer Created
O000065,L000155,C000504,2024-05-06,2024-05-26,Sprinter,Direct Sales,Offer Created
O000066,L000156,C000507,2025-10-09,2025-10-30,V-Class,Dealer,Offer Created
O000067,L000166,C000542,2024-09-24,2024-09-26,Vito,Direct Sales,Offer Created
O000068,L000169,C000558,2025-10-03,2025-10-14,Vito,Dealer,Offer Created
O000069,L000171,C000565,2025-07-16,2025-08-02,Sprinter,Direct Sales,Offer Created
O000070,L000172,C000566,2025-11-18,2025-12-12,Vito,Dealer,Offer Created
O000071,L000173,C000569,2024-10-03,2024-10-26,Sprinter,Dealer,Offer Created
O000072,L000178,C000581,2025-12-20,2026-01-05,Vito,Online,Offer Created
O000073,L000179,C000583,2025-10-31,2025-11-20,Vito,Dealer,Offer Created
O000074,L000181,C000592,2024-07-05,2024-07-21,Vito,Dealer,Offer Created
O000075,L000182,C000597,2025-03-29,2025-04-20,VLE,Dealer,Offer Created
O000076,L000183,C000599,2024-06-08,2024-06-19,Vito,Direct Sales,Offer Created
O000077,L000184,C000605,2025-03-31,2025-04-14,Sprinter,Dealer,Offer Created
O000078,L000185,C000612,2025-05-12,2025-05-26,Vito,Dealer,Offer Created
O000079,L000189,C000626,2024-10-29,2024-11-02,Sprinter,Dealer,Offer Created
O000080,L000190,C000627,2024-12-02,2024-12-11,Sprinter,Direct Sales,Offer Created
O000081,L000192,C000635,2024-09-08,2024-09-29,Vito,Direct Sales,Offer Created
O000082,L000193,C000637,2025-08-11,2025-08-19,V-Class,Direct Sales,Offer Created
O000083,L000198,C000654,2024-08-12,2024-08-19,VLE,Online,Offer Created
O000084,L000200,C000659,2025-12-18,2026-01-03,Sprinter,Direct Sales,Offer Created
O000085,L000201,C000663,2025-01-06,2025-01-19,Vito,Dealer,Offer Created
O000086,L000203,C000678,2025-10-24,2025-10-29,Vito,Dealer,Offer Created
O000087,L000204,C000680,2025-03-19,2025-03-21,VLE,Dealer,Offer Created
O000088,L000206,C000683,2024-03-15,2024-04-02,Sprinter,Dealer,Offer Created
O000089,L000209,C000694,2024-12-15,2024-12-23,Vito,Dealer,Offer Created
O000090,L000211,C000704,2025-03-21,2025-04-09,Vito,Dealer,Offer Created
O000091,L000212,C000705,2026-01-03,2026-01-05,VLE,Dealer,Offer Created
O000092,L000213,C000706,2025-10-27,2025-11-04,Vito,Dealer,Offer Created
O000093,L000217,C000712,2024-12-03,2024-12-26,Vito,Direct Sales,Offer Created
O000094,L000223,C000729,2024-03-08,2024-03-29,VLE,Direct Sales,Offer Created
O000095,L000226,C000737,2025-10-06,2025-10-18,V-Class,Dealer,Offer Created
O000096,L000227,C000739,2025-02-08,2025-03-01,VLE,Direct Sales,Offer Created
O000097,L000228,C000742,2025-10-28,2025-11-17,Vito,Online,Offer Created
O000098,L000229,C000746,2025-11-23,2025-12-02,VLE,Dealer,Offer Created
O000099,L000232,C000755,2025-05-22,2025-06-11,Sprinter,Online,Offer Created
O000100,L000233,C000761,2025-09-27,2025-10-03,V-Class,Direct Sales,Offer Created
O000101,L000235,C000773,2024-02-21,2024-03-07,V-Class,Direct Sales,Offer Created
O000102,L000236,C000780,2024-05-06,2024-05-19,Sprinter,Dealer,Offer Created
O000103,L000238,C000785,2024-03-18,2024-03-26,Sprinter,Dealer,Offer Created
O000104,L000240,C000788,2025-02-18,2025-02-24,Sprinter,Direct Sales,Offer Created
O000105,L000243,C000794,2025-09-04,2025-09-14,Vito,Online,Offer Created
O000106,L000246,C000801,2025-04-19,2025-04-30,Vito,Direct Sales,Offer Created
O000107,L000248,C000805,2024-03-14,2024-04-05,Sprinter,Dealer,Offer Created
O000108,L000250,C000810,2025-02-27,2025-03-09,Vito,Dealer,Offer Created
O000109,L000253,C000818,2024-10-16,2024-11-05,Vito,Dealer,Offer Created
O000110,L000254,C000819,2024-09-14,2024-10-07,Sprinter,Dealer,Offer Created
O000111,L000255,C000821,2024-03-28,2024-04-01,Vito,Dealer,Offer Created
O000112,L000263,C000852,2024-11-08,2024-11-18,Sprinter,Direct Sales,Offer Created
O000113,L000265,C000854,2025-10-12,2025-10-18,Sprinter,Direct Sales,Offer Created
O000114,L000268,C000859,2024-02-10,2024-02-18,Vito,Direct Sales,Offer Created
O000115,L000269,C000860,2025-08-02,2025-08-25,Vito,Dealer,Offer Created
O000116,L000271,C000870,2024-07-16,2024-07-18,Sprinter,Dealer,Offer Created
O000117,L000272,C000877,2025-01-22,2025-01-24,VLE,Dealer,Offer Created
O000118,L000273,C000879,2025-12-10,2026-01-02,Sprinter,Dealer,Offer Created
O000119,L000274,C000887,2024-12-22,2025-01-08,V-Class,Direct Sales,Offer Created
O000120,L000275,C000894,2025-01-28,2025-02-09,Sprinter,Direct Sales,Offer Created
O000121,L000278,C000901,2024-09-06,2024-09-17,Vito,Direct Sales,Offer Created
O000122,L000283,C000911,2025-07-20,2025-08-04,VLE,Dealer,Offer Created
O000123,L000285,C000915,2025-02-16,2025-02-18,V-Class,Dealer,Offer Created
O000124,L000286,C000918,2024-11-02,2024-11-20,Vito,Direct Sales,Offer Created
O000125,L000287,C000919,2025-10-10,2025-10-24,Sprinter,Online,Offer Created
O000126,L000289,C000930,2025-08-30,2025-09-23,Sprinter,Direct Sales,Offer Created
O000127,L000290,C000935,2024-07-19,2024-08-09,V-Class,Direct Sales,Offer Created
O000128,L000293,C000943,2025-02-25,2025-03-13,VLE,Direct Sales,Offer Created
O000129,L000294,C000952,2025-01-27,2025-02-02,Sprinter,Dealer,Offer Created
O000130,L000296,C000954,2024-09-14,2024-10-04,V-Class,Dealer,Offer Created
O000131,L000298,C000968,2024-04-30,2024-05-02,VLE,Dealer,Offer Created
O000132,L000299,C000971,2025-02-10,2025-02-24,Sprinter,Dealer,Offer Created
O000133,L000300,C000972,2025-09-25,2025-10-02,Sprinter,Direct Sales,Offer Created
O000134,L000302,C000978,2024-10-08,2024-10-12,Sprinter,Direct Sales,Offer Created
O000135,L000304,C000988,2024-11-24,2024-12-04,V-Class,Dealer,Offer Created
O000136,L000309,C001008,2026-01-02,2026-01-23,Sprinter,Dealer,Offer Created
O000137,L000310,C001010,2024-05-30,2024-06-23,VLE,Dealer,Offer Created
O000138,L000311,C001012,2025-08-21,2025-09-10,V-Class,Dealer,Offer Created
O000139,L000317,C001032,2024-07-31,2024-08-03,VLE,Direct Sales,Offer Created
O000140,L000319,C001034,2025-03-15,2025-04-05,V-Class,Dealer,Offer Created
O000141,L000320,C001037,2024-12-06,2024-12-28,Sprinter,Dealer,Offer Created
O000142,L000324,C001047,2024-04-16,2024-05-09,Sprinter,Dealer,Offer Created
O000143,L000325,C001048,2024-05-13,2024-06-02,V-Class,Dealer,Offer Created
O000144,L000326,C001049,2024-09-23,2024-10-08,Vito,Online,Offer Created
O000145,L000329,C001053,2024-10-03,2024-10-06,Sprinter,Dealer,Offer Created
O000146,L000330,C001056,2025-08-16,2025-08-18,VLE,Dealer,Offer Created
O000147,L000331,C001059,2024-12-05,2024-12-27,Sprinter,Dealer,Offer Created
O000148,L000333,C001063,2024-05-12,2024-05-14,Vito,Dealer,Offer Created
O000149,L000336,C001074,2025-01-23,2025-02-15,V-Class,Dealer,Offer Created
O000150,L000337,C001075,2025-06-25,2025-07-11,Sprinter,Dealer,Offer Created
O000151,L000339,C001084,2025-01-21,2025-02-01,Vito,Dealer,Offer Created
O000152,L000341,C001088,2025-02-15,2025-02-26,Vito,Dealer,Offer Created
O000153,L000342,C001090,2025-08-15,2025-09-08,Vito,Dealer,Offer Created
O000154,L000343,C001093,2024-11-25,2024-12-18,Sprinter,Dealer,Offer Created
O000155,L000344,C001095,2025-12-21,2025-12-28,V-Class,Dealer,Offer Created
O000156,L000346,C001104,2024-10-18,2024-11-04,Sprinter,Dealer,Offer Created
O000157,L000350,C001119,2025-05-27,2025-06-12,Vito,Dealer,Offer Created
O000158,L000352,C001127,2024-12-01,2024-12-03,Sprinter,Dealer,Offer Created
O000159,L000354,C001131,2025-07-01,2025-07-22,Vito,Dealer,Offer Created
O000160,L000355,C001137,2025-06-20,2025-07-07,Sprinter,Dealer,Offer Created
O000161,L000357,C001148,2025-07-10,2025-07-27,VLE,Dealer,Offer Created
O000162,L000358,C001151,2024-12-03,2024-12-07,Sprinter,Online,Offer Created
O000163,L000359,C001152,2024-09-17,2024-10-06,Vito,Online,Offer Created
O000164,L000361,C001155,2024-07-26,2024-08-11,V-Class,Direct Sales,Offer Created
O000165,L000363,C001163,2024-06-13,2024-06-25,V-Class,Dealer,Offer Created
O000166,L000364,C001165,2024-12-10,2025-01-03,Sprinter,Online,Offer Created
O000167,L000368,C001178,2024-05-14,2024-05-28,Sprinter,Dealer,Offer Created
O000168,L000369,C001185,2025-06-24,2025-06-28,V-Class,Dealer,Offer Created
O000169,L000372,C001194,2024-02-18,2024-03-13,Sprinter,Direct Sales,Offer Created
O000170,L000373,C001197,2024-04-01,2024-04-08,Vito,Dealer,Offer Created
O000171,L000376,C001213,2025-10-31,2025-11-24,Vito,Direct Sales,Offer Created
O000172,L000378,C001217,2025-11-30,2025-12-14,Sprinter,Dealer,Offer Created
O000173,L000384,C001246,2024-08-24,2024-08-31,V-Class,Dealer,Offer Created
O000174,L000388,C001253,2025-05-19,2025-06-05,VLE,Dealer,Offer Created
O000175,L000392,C001263,2025-02-24,2025-02-27,Vito,Direct Sales,Offer Created
O000176,L000393,C001264,2025-02-09,2025-02-19,Sprinter,Dealer,Offer Created
O000177,L000394,C001272,2025-11-17,2025-11-20,Sprinter,Direct Sales,Offer Created
O000178,L000395,C001278,2024-12-18,2024-12-31,V-Class,Dealer,Offer Created
O000179,L000396,C001287,2024-11-16,2024-12-05,Vito,Dealer,Offer Created
O000180,L000397,C001288,2024-02-20,2024-03-09,VLE,Dealer,Offer Created
O000181,L000403,C001314,2024-07-17,2024-08-04,Vito,Dealer,Offer Created
O000182,L000404,C001325,2024-09-21,2024-10-13,VLE,Dealer,Offer Created
O000183,L000406,C001335,2025-03-14,2025-03-17,Vito,Dealer,Offer Created
O000184,L000408,C001339,2025-11-09,2025-11-17,Vito,Online,Offer Created
O000185,L000410,C001360,2025-07-13,2025-08-03,VLE,Dealer,Offer Created
O000186,L000412,C001365,2025-01-29,2025-02-17,VLE,Dealer,Offer Created
O000187,L000418,C001386,2024-11-29,2024-12-07,Vito,Dealer,Offer Created
O000188,L000419,C001388,2025-08-20,2025-09-10,Vito,Dealer,Offer Created
O000189,L000420,C001389,2025-06-16,2025-07-10,V-Class,Online,Offer Created
O000190,L000422,C001395,2025-03-31,2025-04-05,Vito,Dealer,Offer Created
O000191,L000424,C001397,2024-10-20,2024-11-03,VLE,Dealer,Offer Created
O000192,L000425,C001399,2024-04-12,2024-04-17,Sprinter,Direct Sales,Offer Created
O000193,L000427,C001401,2024-11-08,2024-11-23,Sprinter,Direct Sales,Offer Created
O000194,L000429,C001404,2025-11-23,2025-11-29,VLE,Dealer,Offer Created
O000195,L000430,C001408,2025-09-07,2025-09-23,VLE,Dealer,Offer Created
O000196,L000432,C001427,2025-05-07,2025-05-28,V-Class,Dealer,Offer Created
O000197,L000442,C001462,2024-12-08,2024-12-24,Vito,Online,Offer Created
O000198,L000443,C001464,2025-02-28,2025-03-09,V-Class,Dealer,Offer Created
O000199,L000446,C001471,2025-11-22,2025-12-08,VLE,Dealer,Offer Created
O000200,L000451,C001488,2025-04-21,2025-04-28,Sprinter,Direct Sales,Offer Created
O000201,L000453,C001495,2024-04-04,2024-04-09,VLE,Dealer,Offer Created
O000202,L000454,C001501,2024-10-19,2024-10-31,V-Class,Direct Sales,Offer Created
O000203,L000459,C001507,2024-06-04,2024-06-21,Sprinter,Dealer,Offer Created
O000204,L000462,C001518,2025-06-24,2025-07-09,Sprinter,Dealer,Offer Created
O000205,L000465,C001531,2025-12-29,2026-01-07,Vito,Direct Sales,Offer Created
O000206,L000467,C001535,2025-01-14,2025-01-24,Vito,Dealer,Offer Created
O000207,L000469,C001540,2025-06-19,2025-07-06,Sprinter,Direct Sales,Offer Created
O000208,L000470,C001541,2025-05-06,2025-05-29,Vito,Dealer,Offer Created
O000209,L000471,C001542,2025-12-12,2025-12-29,Vito,Direct Sales,Offer Created
O000210,L000475,C001561,2025-03-06,2025-03-15,Sprinter,Direct Sales,Offer Created
O000211,L000480,C001582,2025-06-21,2025-07-04,VLE,Dealer,Offer Created
O000212,L000482,C001589,2025-11-12,2025-11-29,Sprinter,Dealer,Offer Created
O000213,L000484,C001591,2025-09-11,2025-09-20,Sprinter,Dealer,Offer Created
O000214,L000485,C001593,2025-01-23,2025-01-27,V-Class,Dealer,Offer Created
O000215,L000489,C001610,2025-07-04,2025-07-28,Sprinter,Dealer,Offer Created
O000216,L000491,C001618,2024-03-13,2024-03-26,V-Class,Direct Sales,Offer Created
O000217,L000493,C001635,2024-10-06,2024-10-14,V-Class,Dealer,Offer Created
O000218,L000495,C001637,2025-06-01,2025-06-06,Sprinter,Dealer,Offer Created
O000219,L000496,C001639,2025-09-03,2025-09-11,Sprinter,Online,Offer Created
O000220,L000498,C001642,2025-08-13,2025-08-16,VLE,Dealer,Offer Created
O000221,L000499,C001646,2025-02-06,2025-02-27,V-Class,Dealer,Offer Created
O000222,L000500,C001648,2025-03-24,2025-03-30,Vito,Dealer,Offer Created
O000223,L000501,C001651,2024-12-12,2024-12-23,Vito,Dealer,Offer Created
O000224,L000504,C001656,2025-10-30,2025-11-20,Sprinter,Direct Sales,Offer Created
O000225,L000505,C001657,2024-11-09,2024-12-03,V-Class,Online,Offer Created
O000226,L000507,C001662,2025-08-15,2025-08-29,Sprinter,Direct Sales,Offer Created
O000227,L000508,C001663,2024-04-01,2024-04-23,Sprinter,Dealer,Offer Created
O000228,L000509,C001664,2024-09-21,2024-09-27,Sprinter,Direct Sales,Offer Created
O000229,L000511,C001669,2024-03-11,2024-03-16,Sprinter,Online,Offer Created
O000230,L000512,C001671,2025-08-24,2025-08-29,Vito,Dealer,Offer Created
O000231,L000515,C001689,2025-04-08,2025-04-11,VLE,Online,Offer Created
O000232,L000516,C001696,2024-06-21,2024-07-09,V-Class,Dealer,Offer Created
O000233,L000522,C001716,2024-04-13,2024-04-16,Sprinter,Direct Sales,Offer Created
O000234,L000524,C001723,2024-08-16,2024-09-04,V-Class,Dealer,Offer Created
O000235,L000525,C001731,2024-06-01,2024-06-15,Sprinter,Dealer,Offer Created
O000236,L000527,C001735,2025-01-23,2025-02-05,Vito,Direct Sales,Offer Created
O000237,L000528,C001738,2024-10-29,2024-11-08,VLE,Dealer,Offer Created
O000238,L000529,C001740,2025-11-27,2025-12-19,Sprinter,Online,Offer Created
O000239,L000531,C001749,2025-10-18,2025-11-03,Vito,Direct Sales,Offer Created
O000240,L000534,C001758,2025-05-05,2025-05-15,VLE,Dealer,Offer Created
O000241,L000538,C001764,2024-11-23,2024-12-17,Vito,Dealer,Offer Created
O000242,L000539,C001766,2024-08-17,2024-08-26,Vito,Dealer,Offer Created
O000243,L000543,C001775,2025-01-18,2025-01-23,Vito,Dealer,Offer Created
O000244,L000544,C001778,2025-12-15,2025-12-26,V-Class,Direct Sales,Offer Created
O000245,L000550,C001798,2024-03-11,2024-03-24,V-Class,Dealer,Offer Created
O000246,L000551,C001802,2024-05-02,2024-05-14,Sprinter,Direct Sales,Offer Created
O000247,L000553,C001823,2025-06-05,2025-06-25,V-Class,Direct Sales,Offer Created
O000248,L000555,C001825,2025-10-13,2025-10-17,Sprinter,Dealer,Offer Created
O000249,L000558,C001837,2025-09-30,2025-10-03,Sprinter,Dealer,Offer Created
O000250,L000562,C001849,2025-04-25,2025-04-28,Sprinter,Direct Sales,Offer Created
O000251,L000566,C001861,2024-07-19,2024-07-25,V-Class,Online,Offer Created
O000252,L000567,C001862,2025-04-26,2025-05-05,VLE,Dealer,Offer Created
O000253,L000570,C001867,2025-10-14,2025-10-26,Sprinter,Direct Sales,Offer Created
O000254,L000573,C001880,2024-05-12,2024-06-05,Vito,Direct Sales,Offer Created
O000255,L000575,C001886,2024-08-06,2024-08-23,Sprinter,Direct Sales,Offer Created
O000256,L000581,C001910,2024-11-28,2024-12-02,VLE,Dealer,Offer Created
O000257,L000583,C001922,2025-07-19,2025-07-28,VLE,Direct Sales,Offer Created
O000258,L000585,C001929,2025-05-02,2025-05-25,VLE,Dealer,Offer Created
O000259,L000586,C001930,2024-10-15,2024-10-28,V-Class,Dealer,Offer Created
O000260,L000587,C001931,2024-08-27,2024-09-03,Vito,Direct Sales,Offer Created
O000261,L000588,C001935,2025-08-11,2025-08-29,Sprinter,Dealer,Offer Created
O000262,L000592,C001945,2024-03-23,2024-04-09,V-Class,Dealer,Offer Created
O000263,L000596,C001957,2024-09-26,2024-10-10,V-Class,Dealer,Offer Created
O000264,L000599,C001962,2024-02-23,2024-03-09,Sprinter,Direct Sales,Offer Created
O000265,L000608,C001980,2024-12-21,2024-12-30,Sprinter,Direct Sales,Offer Created
O000266,L000609,C001983,2025-06-28,2025-07-10,Sprinter,Dealer,Offer Created
O000267,L000610,C001988,2025-04-01,2025-04-21,Vito,Online,Offer Created
O000268,L000611,C001990,2025-01-23,2025-02-09,Sprinter,Online,Offer Created
O000269,L000614,C002003,2025-10-19,2025-11-06,V-Class,Direct Sales,Offer Created
O000270,L000615,C002005,2025-07-25,2025-08-01,Vito,Dealer,Offer Created
O000271,L000620,C002017,2026-01-04,2026-01-18,VLE,Direct Sales,Offer Created
O000272,L000621,C002032,2024-07-22,2024-07-26,Vito,Direct Sales,Offer Created
O000273,L000622,C002035,2025-10-07,2025-10-10,Vito,Direct Sales,Offer Created
O000274,L000623,C002036,2025-06-05,2025-06-19,Sprinter,Dealer,Offer Created
O000275,L000627,C002044,2025-06-25,2025-07-12,Vito,Dealer,Offer Created
O000276,L000628,C002048,2025-05-03,2025-05-14,Sprinter,Dealer,Offer Created
O000277,L000629,C002054,2025-08-21,2025-08-31,Sprinter,Dealer,Offer Created
O000278,L000643,C002113,2024-09-07,2024-09-21,Sprinter,Dealer,Offer Created
O000279,L000644,C002118,2025-07-25,2025-07-27,V-Class,Dealer,Offer Created
O000280,L000645,C002123,2025-09-02,2025-09-21,Sprinter,Dealer,Offer Created
O000281,L000646,C002124,2024-06-03,2024-06-19,Vito,Dealer,Offer Created
O000282,L000647,C002128,2024-09-26,2024-10-07,Vito,Dealer,Offer Created
O000283,L000648,C002129,2025-06-13,2025-06-23,Vito,Dealer,Offer Created
O000284,L000650,C002134,2024-05-30,2024-06-11,VLE,Dealer,Offer Created
O000285,L000651,C002135,2024-07-13,2024-08-06,Vito,Online,Offer Created
O000286,L000653,C002144,2024-11-20,2024-12-07,V-Class,Dealer,Offer Created
O000287,L000655,C002147,2024-06-07,2024-06-23,Sprinter,Dealer,Offer Created
O000288,L000659,C002165,2024-09-18,2024-10-07,V-Class,Direct Sales,Offer Created
O000289,L000664,C002182,2024-07-07,2024-07-19,V-Class,Dealer,Offer Created
O000290,L000670,C002196,2024-04-23,2024-05-04,Sprinter,Online,Offer Created
O000291,L000672,C002203,2025-04-05,2025-04-18,Sprinter,Dealer,Offer Created
O000292,L000674,C002230,2024-03-03,2024-03-12,Vito,Dealer,Offer Created
O000293,L000679,C002239,2024-06-13,2024-06-19,Vito,Direct Sales,Offer Created
O000294,L000681,C002242,2024-09-05,2024-09-25,Sprinter,Dealer,Offer Created
O000295,L000685,C002253,2025-10-17,2025-11-06,V-Class,Direct Sales,Offer Created
O000296,L000686,C002254,2025-10-21,2025-11-14,V-Class,Dealer,Offer Created
O000297,L000690,C002266,2024-09-15,2024-09-20,Sprinter,Direct Sales,Offer Created
O000298,L000691,C002268,2024-06-25,2024-06-29,VLE,Dealer,Offer Created
O000299,L000692,C002269,2025-04-14,2025-05-05,Vito,Dealer,Offer Created
O000300,L000693,C002270,2024-12-04,2024-12-18,Sprinter,Dealer,Offer Created
O000301,L000700,C002286,2024-07-12,2024-08-04,V-Class,Direct Sales,Offer Created
O000302,L000702,C002304,2024-05-02,2024-05-17,Vito,Online,Offer Created
O000303,L000705,C002312,2025-08-18,2025-08-26,Sprinter,Dealer,Offer Created
O000304,L000706,C002316,2025-11-10,2025-11-22,Sprinter,Dealer,Offer Created
O000305,L000710,C002330,2024-04-24,2024-05-18,VLE,Direct Sales,Offer Created
O000306,L000712,C002338,2024-09-02,2024-09-19,VLE,Direct Sales,Offer Created
O000307,L000715,C002343,2025-07-20,2025-07-22,Vito,Dealer,Offer Created
O000308,L000717,C002354,2025-06-20,2025-06-23,Vito,Dealer,Offer Created
O000309,L000720,C002363,2024-02-20,2024-03-05,V-Class,Dealer,Offer Created
O000310,L000721,C002365,2025-01-18,2025-02-04,Vito,Direct Sales,Offer Created
O000311,L000722,C002368,2024-03-07,2024-03-27,Sprinter,Dealer,Offer Created
O000312,L000723,C002373,2025-02-06,2025-02-12,V-Class,Dealer,Offer Created
O000313,L000724,C002375,2025-05-11,2025-05-26,VLE,Dealer,Offer Created
O000314,L000725,C002376,2025-08-11,2025-08-17,VLE,Dealer,Offer Created
O000315,L000726,C002382,2024-08-31,2024-09-24,VLE,Dealer,Offer Created
O000316,L000728,C002386,2025-12-29,2026-01-20,Sprinter,Dealer,Offer Created
O000317,L000735,C002410,2025-03-22,2025-04-05,Sprinter,Direct Sales,Offer Created
O000318,L000736,C002411,2024-08-22,2024-09-04,Vito,Dealer,Offer Created
O000319,L000737,C002414,2025-12-16,2025-12-29,Vito,Dealer,Offer Created
O000320,L000738,C002423,2025-11-02,2025-11-09,Vito,Direct Sales,Offer Created
O000321,L000739,C002430,2025-07-03,2025-07-25,Sprinter,Dealer,Offer Created
O000322,L000742,C002444,2025-02-09,2025-02-24,Sprinter,Dealer,Offer Created
O000323,L000743,C002445,2025-04-27,2025-05-03,Vito,Dealer,Offer Created
O000324,L000745,C002463,2026-01-06,2026-01-14,V-Class,Dealer,Offer Created
O000325,L000746,C002473,2024-09-08,2024-09-11,VLE,Dealer,Offer Created
O000326,L000752,C002503,2025-07-15,2025-08-08,VLE,Dealer,Offer Created
O000327,L000754,C002507,2024-09-27,2024-10-19,Sprinter,Dealer,Offer Created
O000328,L000755,C002510,2024-06-22,2024-07-02,V-Class,Dealer,Offer Created
O000329,L000756,C002514,2025-04-23,2025-05-01,Sprinter,Direct Sales,Offer Created
O000330,L000757,C002516,2024-04-19,2024-04-23,Vito,Dealer,Offer Created
O000331,L000765,C002532,2024-08-19,2024-08-29,Sprinter,Online,Offer Created
O000332,L000767,C002537,2026-01-13,2026-02-02,Vito,Online,Offer Created
O000333,L000768,C002538,2025-08-25,2025-09-03,VLE,Dealer,Offer Created
O000334,L000773,C002553,2024-06-02,2024-06-11,Vito,Dealer,Offer Created
O000335,L000778,C002572,2025-06-04,2025-06-20,Sprinter,Dealer,Offer Created
O000336,L000779,C002574,2024-12-15,2024-12-30,Vito,Online,Offer Created
O000337,L000780,C002579,2024-10-23,2024-11-13,VLE,Dealer,Offer Created
O000338,L000782,C002585,2025-05-04,2025-05-20,V-Class,Direct Sales,Offer Created
O000339,L000783,C002587,2025-12-19,2026-01-11,Sprinter,Online,Offer Created
O000340,L000786,C002594,2024-05-27,2024-06-03,Sprinter,Dealer,Offer Created
O000341,L000791,C002604,2025-06-09,2025-06-18,Sprinter,Direct Sales,Offer Created
O000342,L000792,C002608,2024-11-24,2024-12-15,VLE,Dealer,Offer Created
O000343,L000796,C002614,2025-01-26,2025-01-30,V-Class,Online,Offer Created
O000344,L000800,C002624,2025-07-09,2025-07-22,VLE,Dealer,Offer Created
O000345,L000801,C002625,2025-04-12,2025-04-16,V-Class,Dealer,Offer Created
O000346,L000802,C002626,2025-10-14,2025-11-01,Sprinter,Dealer,Offer Created
O000347,L000812,C002663,2025-09-05,2025-09-11,VLE,Dealer,Offer Created
O000348,L000815,C002676,2025-10-30,2025-11-01,Vito,Direct Sales,Offer Created
O000349,L000818,C002683,2025-04-18,2025-04-25,Sprinter,Dealer,Offer Created
O000350,L000820,C002686,2024-09-18,2024-10-11,V-Class,Direct Sales,Offer Created
O000351,L000821,C002687,2024-05-10,2024-06-02,Sprinter,Dealer,Offer Created
O000352,L000823,C002696,2025-09-04,2025-09-10,Vito,Dealer,Offer Created
O000353,L000828,C002714,2025-07-20,2025-07-22,Sprinter,Direct Sales,Offer Created
O000354,L000829,C002715,2024-07-16,2024-08-04,Sprinter,Dealer,Offer Created
O000355,L000834,C002737,2024-12-04,2024-12-15,V-Class,Direct Sales,Offer Created
O000356,L000839,C002750,2025-05-21,2025-06-05,VLE,Dealer,Offer Created
O000357,L000842,C002762,2026-01-08,2026-01-30,Sprinter,Direct Sales,Offer Created
O000358,L000844,C002770,2025-01-07,2025-01-29,Vito,Direct Sales,Offer Created
O000359,L000845,C002774,2024-07-04,2024-07-22,Vito,Dealer,Offer Created
O000360,L000846,C002788,2025-12-15,2025-12-25,V-Class,Dealer,Offer Created
O000361,L000847,C002798,2025-02-05,2025-02-07,Sprinter,Dealer,Offer Created
O000362,L000849,C002805,2025-10-29,2025-11-13,Sprinter,Online,Offer Created
O000363,L000850,C002806,2025-09-10,2025-10-02,V-Class,Direct Sales,Offer Created
O000364,L000852,C002809,2024-05-13,2024-05-24,V-Class,Direct Sales,Offer Created
O000365,L000855,C002816,2024-10-23,2024-10-25,Vito,Dealer,Offer Created
O000366,L000856,C002818,2025-07-24,2025-08-12,Sprinter,Direct Sales,Offer Created
O000367,L000858,C002827,2024-10-27,2024-11-04,Sprinter,Dealer,Offer Created
O000368,L000861,C002836,2025-05-26,2025-06-06,V-Class,Dealer,Offer Created
O000369,L000871,C002869,2024-11-19,2024-11-25,Vito,Online,Offer Created
O000370,L000872,C002871,2024-05-14,2024-06-06,V-Class,Direct Sales,Offer Created
O000371,L000873,C002883,2025-07-17,2025-07-24,Sprinter,Dealer,Offer Created
O000372,L000875,C002891,2024-10-18,2024-10-22,V-Class,Dealer,Offer Created
O000373,L000876,C002895,2024-04-02,2024-04-25,Vito,Direct Sales,Offer Created
O000374,L000877,C002896,2024-04-25,2024-05-04,Vito,Online,Offer Created
O000375,L000880,C002904,2025-06-25,2025-07-17,V-Class,Direct Sales,Offer Created
O000376,L000883,C002910,2024-03-24,2024-04-10,VLE,Dealer,Offer Created
O000377,L000885,C002916,2025-11-06,2025-11-26,V-Class,Direct Sales,Offer Created
O000378,L000886,C002920,2024-09-16,2024-09-27,V-Class,Direct Sales,Offer Created
O000379,L000887,C002923,2024-12-29,2025-01-13,Vito,Online,Offer Created
O000380,L000890,C002939,2026-01-26,2026-02-11,Sprinter,Direct Sales,Offer Created
O000381,L000893,C002954,2025-09-02,2025-09-07,Sprinter,Dealer,Offer Created
O000382,L000894,C002961,2025-06-20,2025-07-14,Sprinter,Dealer,Offer Created
O000383,L000895,C002963,2024-04-02,2024-04-09,Sprinter,Online,Offer Created
O000384,L000897,C002974,2025-04-17,2025-05-03,Sprinter,Dealer,Offer Created
O000385,L000900,C002985,2025-01-14,2025-01-20,Sprinter,Dealer,Offer Created
O000386,L000904,C002998,2026-01-04,2026-01-25,VLE,Dealer,Offer Created
O000387,L000905,C003001,2024-10-31,2024-11-12,VLE,Dealer,Offer Created
O000388,L000907,C003004,2024-06-10,2024-06-23,VLE,Dealer,Offer Created
O000389,L000908,C003007,2024-08-12,2024-08-25,Vito,Direct Sales,Offer Created
O000390,L000909,C003014,2024-08-26,2024-09-03,Sprinter,Dealer,Offer Created
O000391,L000911,C003019,2025-03-28,2025-04-03,Sprinter,Dealer,Offer Created
O000392,L000913,C003021,2025-10-15,2025-10-19,Sprinter,Online,Offer Created
O000393,L000915,C003028,2025-07-27,2025-08-06,Vito,Dealer,Offer Created
O000394,L000916,C003030,2024-05-10,2024-05-30,Sprinter,Dealer,Offer Created
O000395,L000919,C003043,2024-12-14,2024-12-24,Sprinter,Dealer,Offer Created
O000396,L000920,C003044,2024-06-02,2024-06-06,Sprinter,Dealer,Offer Created
O000397,L000923,C003064,2024-05-27,2024-06-05,Vito,Dealer,Offer Created
O000398,L000925,C003073,2025-09-25,2025-10-09,Sprinter,Direct Sales,Offer Created
O000399,L000927,C003083,2025-01-31,2025-02-10,Vito,Online,Offer Created
O000400,L000928,C003099,2024-10-14,2024-11-07,V-Class,Dealer,Offer Created
O000401,L000932,C003104,2025-04-29,2025-05-20,V-Class,Dealer,Offer Created
O000402,L000934,C003110,2025-09-21,2025-10-13,Vito,Dealer,Offer Created
O000403,L000935,C003112,2024-04-11,2024-04-20,Vito,Direct Sales,Offer Created
O000404,L000937,C003119,2025-04-20,2025-04-22,V-Class,Direct Sales,Offer Created
O000405,L000941,C003147,2025-01-24,2025-02-17,V-Class,Dealer,Offer Created
O000406,L000945,C003166,2024-02-13,2024-02-23,Vito,Direct Sales,Offer Created
O000407,L000947,C003169,2024-11-16,2024-12-05,VLE,Direct Sales,Offer Created
O000408,L000949,C003172,2024-02-24,2024-03-11,VLE,Dealer,Offer Created
O000409,L000950,C003176,2025-12-29,2026-01-16,Vito,Online,Offer Created
O000410,L000951,C003177,2024-05-30,2024-06-04,VLE,Direct Sales,Offer Created
O000411,L000952,C003179,2025-09-10,2025-09-14,Vito,Direct Sales,Offer Created
O000412,L000956,C003188,2024-06-24,2024-07-08,VLE,Dealer,Offer Created
O000413,L000958,C003200,2025-06-16,2025-06-28,V-Class,Direct Sales,Offer Created
O000414,L000960,C003205,2025-07-16,2025-07-30,Sprinter,Dealer,Offer Created
O000415,L000963,C003209,2025-10-18,2025-11-10,Sprinter,Dealer,Offer Created
O000416,L000967,C003235,2025-07-09,2025-08-01,Sprinter,Direct Sales,Offer Created
O000417,L000968,C003237,2024-09-21,2024-10-10,Vito,Dealer,Offer Created
O000418,L000969,C003241,2024-03-20,2024-04-05,Sprinter,Dealer,Offer Created
O000419,L000970,C003242,2025-06-14,2025-06-29,Sprinter,Dealer,Offer Created
O000420,L000972,C003245,2024-04-05,2024-04-12,Sprinter,Dealer,Offer Created
O000421,L000974,C003250,2024-02-20,2024-03-13,Vito,Dealer,Offer Created
O000422,L000976,C003259,2024-10-09,2024-10-21,Sprinter,Dealer,Offer Created
O000423,L000977,C003263,2024-03-14,2024-04-02,Vito,Dealer,Offer Created
O000424,L000978,C003264,2024-06-09,2024-06-13,Sprinter,Direct Sales,Offer Created
O000425,L000979,C003267,2025-05-03,2025-05-16,V-Class,Dealer,Offer Created
O000426,L000984,C003276,2025-08-22,2025-09-09,V-Class,Direct Sales,Offer Created
O000427,L000992,C003310,2024-04-10,2024-04-12,Vito,Dealer,Offer Created
O000428,L000993,C003317,2025-10-19,2025-11-01,Vito,Dealer,Offer Created
O000429,L000994,C003327,2025-05-27,2025-06-04,Sprinter,Direct Sales,Offer Created
O000430,L000995,C003328,2025-01-25,2025-02-01,V-Class,Dealer,Offer Created
O000431,L000996,C003331,2024-07-09,2024-07-13,VLE,Direct Sales,Offer Created
O000432,L000997,C003335,2025-01-20,2025-02-03,V-Class,Online,Offer Created
O000433,L000998,C003337,2024-07-28,2024-08-05,Vito,Dealer,Offer Created
O000434,L000999,C003340,2025-01-30,2025-02-10,Vito,Dealer,Offer Created
O000435,L001000,C003351,2024-08-15,2024-08-29,Sprinter,Dealer,Offer Created
O000436,L001001,C003352,2025-11-05,2025-11-13,Sprinter,Dealer,Offer Created
O000437,L001003,C003358,2025-10-24,2025-10-30,Sprinter,Direct Sales,Offer Created
O000438,L001007,C003374,2025-12-23,2026-01-09,VLE,Dealer,Offer Created
O000439,L001008,C003375,2024-04-14,2024-05-06,Vito,Dealer,Offer Created
O000440,L001009,C003383,2025-06-12,2025-06-18,Sprinter,Dealer,Offer Created
O000441,L001013,C003389,2025-07-14,2025-07-25,Sprinter,Dealer,Offer Created
O000442,L001014,C003397,2025-09-08,2025-09-13,Sprinter,Direct Sales,Offer Created
O000443,L001015,C003399,2024-03-03,2024-03-15,Sprinter,Dealer,Offer Created
O000444,L001016,C003403,2024-12-20,2025-01-09,V-Class,Direct Sales,Offer Created
O000445,L001017,C003405,2025-11-26,2025-12-02,Vito,Dealer,Offer Created
O000446,L001020,C003419,2025-02-28,2025-03-08,VLE,Dealer,Offer Created
O000447,L001022,C003422,2024-06-03,2024-06-15,Vito,Direct Sales,Offer Created
O000448,L001025,C003429,2025-12-31,2026-01-06,Sprinter,Direct Sales,Offer Created
O000449,L001027,C003432,2024-05-20,2024-05-31,Sprinter,Dealer,Offer Created
O000450,L001029,C003435,2025-11-19,2025-11-22,VLE,Dealer,Offer Created
O000451,L001031,C003438,2025-04-25,2025-04-27,V-Class,Direct Sales,Offer Created
O000452,L001033,C003441,2024-09-06,2024-09-11,V-Class,Dealer,Offer Created
O000453,L001035,C003445,2025-08-03,2025-08-23,V-Class,Dealer,Offer Created
O000454,L001036,C003460,2025-09-11,2025-10-01,Sprinter,Dealer,Offer Created
O000455,L001037,C003468,2025-01-27,2025-02-19,Vito,Dealer,Offer Created
O000456,L001038,C003471,2025-04-21,2025-05-09,Sprinter,Dealer,Offer Created
O000457,L001039,C003475,2024-10-14,2024-10-25,Sprinter,Direct Sales,Offer Created
O000458,L001043,C003490,2024-04-03,2024-04-27,Sprinter,Dealer,Offer Created
O000459,L001045,C003493,2025-12-01,2025-12-21,Vito,Dealer,Offer Created
O000460,L001050,C003517,2025-12-01,2025-12-16,Vito,Dealer,Offer Created
O000461,L001053,C003529,2025-07-21,2025-08-10,Sprinter,Online,Offer Created
O000462,L001057,C003544,2025-11-22,2025-12-12,VLE,Direct Sales,Offer Created
O000463,L001060,C003547,2025-02-18,2025-03-01,Sprinter,Online,Offer Created
O000464,L001061,C003548,2024-05-19,2024-06-12,V-Class,Dealer,Offer Created
O000465,L001063,C003550,2025-01-03,2025-01-25,Vito,Direct Sales,Offer Created
O000466,L001067,C003560,2024-03-09,2024-03-30,Vito,Dealer,Offer Created
O000467,L001069,C003564,2025-09-07,2025-09-21,Sprinter,Dealer,Offer Created
O000468,L001070,C003571,2025-01-09,2025-01-31,VLE,Dealer,Offer Created
O000469,L001071,C003573,2025-01-31,2025-02-13,Sprinter,Dealer,Offer Created
O000470,L001076,C003585,2024-02-20,2024-03-13,VLE,Dealer,Offer Created
O000471,L001077,C003586,2024-11-18,2024-12-08,Sprinter,Dealer,Offer Created
O000472,L001078,C003590,2025-05-29,2025-06-14,Vito,Dealer,Offer Created
O000473,L001079,C003597,2024-05-24,2024-06-11,VLE,Dealer,Offer Created
O000474,L001080,C003599,2024-05-21,2024-06-10,Vito,Online,Offer Created
O000475,L001081,C003600,2025-01-10,2025-01-12,Sprinter,Dealer,Offer Created
O000476,L001092,C003665,2025-02-03,2025-02-22,V-Class,Direct Sales,Offer Created
O000477,L001096,C003693,2025-05-17,2025-06-06,Vito,Dealer,Offer Created
O000478,L001097,C003696,2024-04-28,2024-05-09,Vito,Dealer,Offer Created
O000479,L001098,C003697,2025-08-06,2025-08-13,VLE,Online,Offer Created
O000480,L001099,C003698,2024-05-24,2024-06-03,Sprinter,Direct Sales,Offer Created
O000481,L001100,C003701,2024-03-04,2024-03-26,VLE,Dealer,Offer Created
O000482,L001101,C003705,2024-06-27,2024-07-16,V-Class,Dealer,Offer Created
O000483,L001102,C003707,2024-03-26,2024-04-16,Vito,Dealer,Offer Created
O000484,L001104,C003728,2024-05-02,2024-05-18,Sprinter,Dealer,Offer Created
O000485,L001105,C003732,2025-01-01,2025-01-17,Sprinter,Dealer,Offer Created
O000486,L001106,C003737,2024-11-17,2024-12-03,Sprinter,Direct Sales,Offer Created
O000487,L001107,C003742,2025-11-26,2025-12-14,VLE,Dealer,Offer Created
O000488,L001109,C003745,2024-06-13,2024-06-25,Vito,Dealer,Offer Created
O000489,L001110,C003746,2024-12-27,2025-01-12,Sprinter,Dealer,Offer Created
O000490,L001111,C003747,2024-11-25,2024-12-19,Sprinter,Online,Offer Created
O000491,L001114,C003753,2025-11-21,2025-11-24,Sprinter,Dealer,Offer Created
O000492,L001118,C003773,2025-04-03,2025-04-25,Sprinter,Dealer,Offer Created
O000493,L001120,C003777,2026-01-10,2026-01-22,V-Class,Direct Sales,Offer Created
O000494,L001121,C003780,2025-08-02,2025-08-07,Sprinter,Direct Sales,Offer Created
O000495,L001122,C003781,2025-08-02,2025-08-09,VLE,Dealer,Offer Created
O000496,L001123,C003786,2024-10-26,2024-10-28,Sprinter,Online,Offer Created
O000497,L001125,C003812,2024-06-21,2024-07-02,Sprinter,Dealer,Offer Created
O000498,L001126,C003813,2024-06-28,2024-07-16,Sprinter,Dealer,Offer Created
O000499,L001128,C003815,2025-12-31,2026-01-11,Vito,Dealer,Offer Created
O000500,L001132,C003825,2024-12-31,2025-01-13,V-Class,Online,Offer Created
O000501,L001137,C003843,2025-02-24,2025-03-09,Sprinter,Online,Offer Created
O000502,L001140,C003862,2025-10-25,2025-11-16,Vito,Direct Sales,Offer Created
O000503,L001141,C003866,2024-10-12,2024-10-30,Vito,Dealer,Offer Created
O000504,L001142,C003870,2025-04-14,2025-04-21,Sprinter,Dealer,Offer Created
O000505,L001144,C003874,2025-08-18,2025-09-10,VLE,Direct Sales,Offer Created
O000506,L001145,C003877,2025-09-02,2025-09-18,Vito,Online,Offer Created
O000507,L001146,C003878,2025-10-03,2025-10-12,V-Class,Dealer,Offer Created
O000508,L001149,C003887,2024-09-28,2024-10-14,V-Class,Dealer,Offer Created
O000509,L001151,C003892,2025-10-14,2025-10-20,VLE,Online,Offer Created
O000510,L001152,C003893,2025-04-17,2025-04-25,VLE,Direct Sales,Offer Created
O000511,L001153,C003897,2024-03-12,2024-03-21,V-Class,Dealer,Offer Created
O000512,L001154,C003914,2024-05-24,2024-05-31,VLE,Dealer,Offer Created
O000513,L001157,C003929,2025-06-23,2025-06-30,Vito,Dealer,Offer Created
O000514,L001158,C003931,2024-04-09,2024-04-19,Vito,Direct Sales,Offer Created
O000515,L001159,C003932,2025-07-20,2025-07-28,VLE,Direct Sales,Offer Created
O000516,L001163,C003938,2024-02-21,2024-02-28,Vito,Dealer,Offer Created
O000517,L001168,C003951,2025-04-14,2025-04-27,Vito,Dealer,Offer Created
O000518,L001169,C003954,2024-03-07,2024-03-23,Sprinter,Dealer,Offer Created
O000519,L001170,C003955,2024-09-23,2024-10-09,Vito,Dealer,Offer Created
O000520,L001171,C003965,2024-08-12,2024-08-18,V-Class,Dealer,Offer Created
O000521,L001176,C003977,2025-03-24,2025-03-31,V-Class,Direct Sales,Offer Created
O000522,L001177,C003978,2025-02-28,2025-03-21,V-Class,Dealer,Offer Created
O000523,L001178,C003979,2024-10-23,2024-11-02,V-Class,Dealer,Offer Created
O000524,L001183,C003996,2025-07-19,2025-08-06,V-Class,Dealer,Offer Created
O000525,L001185,C003999,2025-01-14,2025-02-07,V-Class,Dealer,Offer Created
O000526,L001186,C004002,2025-04-01,2025-04-23,Vito,Dealer,Offer Created
O000527,L001187,C004004,2024-04-23,2024-04-26,Sprinter,Dealer,Offer Created
O000528,L001188,C004006,2024-06-29,2024-07-12,VLE,Dealer,Offer Created
O000529,L001192,C004022,2024-03-01,2024-03-06,V-Class,Online,Offer Created
O000530,L001193,C004024,2024-05-31,2024-06-10,V-Class,Dealer,Offer Created
O000531,L001197,C004044,2024-03-07,2024-03-10,Sprinter,Dealer,Offer Created
O000532,L001198,C004047,2024-11-24,2024-12-03,Sprinter,Dealer,Offer Created
O000533,L001199,C004060,2025-09-16,2025-09-19,V-Class,Dealer,Offer Created
O000534,L001201,C004062,2025-07-25,2025-08-15,Sprinter,Dealer,Offer Created
O000535,L001202,C004065,2025-11-01,2025-11-23,V-Class,Dealer,Offer Created
O000536,L001204,C004070,2024-11-03,2024-11-12,Sprinter,Online,Offer Created
O000537,L001206,C004085,2025-04-23,2025-04-27,Sprinter,Dealer,Offer Created
O000538,L001210,C004103,2025-11-21,2025-12-04,VLE,Dealer,Offer Created
O000539,L001212,C004107,2024-05-31,2024-06-07,Sprinter,Dealer,Offer Created
O000540,L001213,C004108,2024-08-30,2024-09-10,V-Class,Dealer,Offer Created
O000541,L001214,C004110,2025-01-24,2025-02-03,Sprinter,Direct Sales,Offer Created
O000542,L001217,C004120,2024-12-20,2025-01-01,Vito,Dealer,Offer Created
O000543,L001218,C004122,2025-12-20,2026-01-12,VLE,Dealer,Offer Created
O000544,L001222,C004128,2025-02-27,2025-03-13,Sprinter,Direct Sales,Offer Created
O000545,L001223,C004133,2024-10-07,2024-10-15,VLE,Dealer,Offer Created
O000546,L001228,C004150,2024-11-29,2024-12-10,Sprinter,Dealer,Offer Created
O000547,L001230,C004155,2025-11-26,2025-12-14,V-Class,Dealer,Offer Created
O000548,L001231,C004156,2025-08-27,2025-08-31,Vito,Dealer,Offer Created
O000549,L001234,C004162,2025-08-17,2025-08-31,Sprinter,Dealer,Offer Created
O000550,L001236,C004165,2025-04-18,2025-05-02,Vito,Dealer,Offer Created
O000551,L001239,C004184,2025-11-26,2025-12-16,Vito,Direct Sales,Offer Created
O000552,L001240,C004187,2025-12-14,2025-12-23,V-Class,Direct Sales,Offer Created
O000553,L001245,C004208,2026-01-10,2026-02-01,Vito,Dealer,Offer Created
O000554,L001246,C004210,2024-03-05,2024-03-20,V-Class,Online,Offer Created
O000555,L001247,C004215,2025-03-27,2025-04-17,Vito,Direct Sales,Offer Created
O000556,L001248,C004216,2024-02-02,2024-02-17,Sprinter,Dealer,Offer Created
O000557,L001251,C004231,2025-02-06,2025-02-18,Vito,Direct Sales,Offer Created
O000558,L001252,C004235,2024-06-18,2024-07-11,V-Class,Dealer,Offer Created
O000559,L001253,C004240,2025-07-15,2025-07-24,Sprinter,Dealer,Offer Created
O000560,L001255,C004248,2026-01-13,2026-01-16,V-Class,Dealer,Offer Created
O000561,L001258,C004257,2025-01-08,2025-01-22,Sprinter,Dealer,Offer Created
O000562,L001262,C004267,2025-09-05,2025-09-19,V-Class,Direct Sales,Offer Created
O000563,L001267,C004287,2024-04-27,2024-05-21,Sprinter,Dealer,Offer Created
O000564,L001270,C004297,2024-09-15,2024-09-26,Sprinter,Dealer,Offer Created
O000565,L001271,C004300,2024-04-25,2024-05-11,VLE,Dealer,Offer Created
O000566,L001273,C004306,2025-04-27,2025-05-03,Sprinter,Dealer,Offer Created
O000567,L001275,C004310,2026-01-20,2026-02-03,V-Class,Dealer,Offer Created
O000568,L001277,C004312,2025-01-11,2025-01-20,Vito,Dealer,Offer Created
O000569,L001278,C004313,2024-10-02,2024-10-14,Sprinter,Dealer,Offer Created
O000570,L001280,C004320,2025-03-25,2025-04-04,Vito,Dealer,Offer Created
O000571,L001284,C004332,2025-06-14,2025-06-21,V-Class,Dealer,Offer Created
O000572,L001286,C004341,2025-02-28,2025-03-03,Sprinter,Dealer,Offer Created
O000573,L001287,C004349,2025-08-26,2025-08-30,Sprinter,Dealer,Offer Created
O000574,L001291,C004366,2025-09-22,2025-09-27,V-Class,Direct Sales,Offer Created
O000575,L001293,C004386,2024-08-11,2024-09-03,VLE,Dealer,Offer Created
O000576,L001294,C004387,2025-10-12,2025-10-24,Vito,Direct Sales,Offer Created
O000577,L001297,C004396,2024-07-14,2024-07-21,Vito,Dealer,Offer Created
O000578,L001298,C004400,2025-10-21,2025-11-02,VLE,Dealer,Offer Created
O000579,L001299,C004402,2025-11-10,2025-11-23,Vito,Online,Offer Created
O000580,L001300,C004407,2025-03-11,2025-04-04,V-Class,Dealer,Offer Created
O000581,L001304,C004420,2025-06-10,2025-06-21,VLE,Dealer,Offer Created
O000582,L001306,C004426,2025-02-11,2025-02-20,Vito,Dealer,Offer Created
O000583,L001308,C004435,2024-03-01,2024-03-13,Sprinter,Direct Sales,Offer Created
O000584,L001314,C004457,2024-12-23,2025-01-06,V-Class,Dealer,Offer Created
O000585,L001315,C004458,2025-11-22,2025-12-03,Vito,Dealer,Offer Created
O000586,L001318,C004473,2025-05-29,2025-06-06,VLE,Dealer,Offer Created
O000587,L001325,C004497,2024-06-07,2024-06-21,V-Class,Dealer,Offer Created
O000588,L001326,C004499,2024-03-20,2024-04-12,Sprinter,Dealer,Offer Created
O000589,L001327,C004505,2024-02-09,2024-02-29,Sprinter,Direct Sales,Offer Created
O000590,L001328,C004508,2024-07-02,2024-07-23,Vito,Dealer,Offer Created
O000591,L001329,C004511,2025-08-15,2025-09-02,Vito,Dealer,Offer Created
O000592,L001332,C004519,2024-08-03,2024-08-19,VLE,Dealer,Offer Created
O000593,L001336,C004528,2025-03-07,2025-03-13,Sprinter,Direct Sales,Offer Created
O000594,L001338,C004539,2024-10-30,2024-11-02,Sprinter,Dealer,Offer Created
O000595,L001339,C004541,2024-06-18,2024-06-28,VLE,Dealer,Offer Created
O000596,L001340,C004544,2025-01-05,2025-01-10,Vito,Dealer,Offer Created
O000597,L001342,C004550,2024-05-02,2024-05-13,Sprinter,Direct Sales,Offer Created
O000598,L001343,C004554,2025-12-01,2025-12-07,V-Class,Dealer,Offer Created
O000599,L001344,C004555,2025-01-01,2025-01-09,Vito,Direct Sales,Offer Created
O000600,L001345,C004557,2025-12-16,2026-01-05,Sprinter,Dealer,Offer Created
O000601,L001346,C004559,2025-03-17,2025-03-25,V-Class,Direct Sales,Offer Created
O000602,L001347,C004568,2024-02-06,2024-02-13,V-Class,Dealer,Offer Created
O000603,L001349,C004576,2025-05-13,2025-05-16,Sprinter,Direct Sales,Offer Created
O000604,L001351,C004580,2025-01-31,2025-02-18,Sprinter,Dealer,Offer Created
O000605,L001353,C004592,2025-12-05,2025-12-29,Vito,Direct Sales,Offer Created
O000606,L001357,C004605,2024-02-20,2024-02-28,Sprinter,Dealer,Offer Created
O000607,L001359,C004609,2024-04-13,2024-04-22,VLE,Dealer,Offer Created
O000608,L001360,C004611,2025-10-12,2025-10-30,VLE,Online,Offer Created
O000609,L001364,C004623,2025-08-24,2025-09-16,V-Class,Direct Sales,Offer Created
O000610,L001366,C004630,2025-01-04,2025-01-09,Sprinter,Dealer,Offer Created
O000611,L001367,C004632,2025-10-04,2025-10-10,Sprinter,Direct Sales,Offer Created
O000612,L001370,C004642,2024-03-12,2024-04-03,Sprinter,Direct Sales,Offer Created
O000613,L001372,C004646,2025-12-29,2026-01-22,Vito,Dealer,Offer Created
O000614,L001374,C004658,2024-03-19,2024-03-30,Sprinter,Dealer,Offer Created
O000615,L001380,C004685,2025-10-10,2025-10-30,Sprinter,Dealer,Offer Created
O000616,L001383,C004694,2025-05-08,2025-05-27,Sprinter,Dealer,Offer Created
O000617,L001384,C004695,2025-01-14,2025-01-22,Sprinter,Dealer,Offer Created
O000618,L001385,C004703,2025-04-30,2025-05-13,Sprinter,Dealer,Offer Created
O000619,L001386,C004704,2025-03-01,2025-03-18,Sprinter,Online,Offer Created
O000620,L001388,C004717,2024-07-16,2024-07-18,V-Class,Dealer,Offer Created
O000621,L001390,C004719,2025-11-16,2025-11-20,V-Class,Online,Offer Created
O000622,L001393,C004728,2024-04-19,2024-04-26,Sprinter,Direct Sales,Offer Created
O000623,L001398,C004741,2024-09-19,2024-10-12,Vito,Online,Offer Created
O000624,L001400,C004749,2025-08-29,2025-09-18,Sprinter,Dealer,Offer Created
O000625,L001401,C004752,2025-07-10,2025-08-02,V-Class,Dealer,Offer Created
O000626,L001402,C004753,2025-09-04,2025-09-10,Vito,Dealer,Offer Created
O000627,L001403,C004755,2024-05-01,2024-05-09,Sprinter,Direct Sales,Offer Created
O000628,L001404,C004756,2025-08-19,2025-08-27,V-Class,Direct Sales,Offer Created
O000629,L001406,C004773,2024-05-14,2024-05-20,Vito,Dealer,Offer Created
O000630,L001407,C004776,2025-06-10,2025-06-24,Sprinter,Dealer,Offer Created
O000631,L001408,C004778,2025-04-10,2025-04-26,Sprinter,Dealer,Offer Created
O000632,L001409,C004780,2025-12-29,2026-01-08,V-Class,Dealer,Offer Created
O000633,L001410,C004790,2025-03-02,2025-03-25,Sprinter,Dealer,Offer Created
O000634,L001412,C004808,2024-07-26,2024-08-05,Sprinter,Direct Sales,Offer Created
O000635,L001413,C004809,2024-02-05,2024-02-10,Sprinter,Direct Sales,Offer Created
O000636,L001414,C004819,2025-11-10,2025-11-14,V-Class,Dealer,Offer Created
O000637,L001417,C004827,2025-04-23,2025-05-07,Sprinter,Online,Offer Created
O000638,L001418,C004836,2025-08-13,2025-08-19,Vito,Dealer,Offer Created
O000639,L001419,C004843,2024-07-25,2024-08-11,Vito,Dealer,Offer Created
O000640,L001421,C004854,2025-01-20,2025-02-01,Vito,Dealer,Offer Created
O000641,L001423,C004862,2024-06-14,2024-06-21,Sprinter,Dealer,Offer Created
O000642,L001425,C004872,2025-09-11,2025-09-23,Sprinter,Dealer,Offer Created
O000643,L001426,C004873,2025-01-03,2025-01-05,Vito,Direct Sales,Offer Created
O000644,L001427,C004877,2025-01-11,2025-01-17,Vito,Direct Sales,Offer Created
O000645,L001428,C004883,2025-06-25,2025-07-09,V-Class,Dealer,Offer Created
O000646,L001429,C004885,2025-05-24,2025-05-27,VLE,Dealer,Offer Created
O000647,L001431,C004894,2024-10-23,2024-11-13,VLE,Dealer,Offer Created
O000648,L001435,C004903,2024-04-25,2024-05-16,V-Class,Dealer,Offer Created
O000649,L001436,C004906,2025-11-28,2025-12-04,Vito,Dealer,Offer Created
O000650,L001438,C004911,2024-09-18,2024-09-25,Sprinter,Direct Sales,Offer Created
O000651,L001439,C004915,2025-01-14,2025-01-21,VLE,Dealer,Offer Created
O000652,L001441,C004920,2024-04-27,2024-05-19,Sprinter,Dealer,Offer Created
O000653,L001442,C004924,2024-08-07,2024-08-17,V-Class,Dealer,Offer Created
O000654,L001443,C004930,2025-04-12,2025-05-06,V-Class,Dealer,Offer Created
O000655,L001444,C004932,2025-02-12,2025-03-03,Vito,Direct Sales,Offer Created
O000656,L001447,C004945,2024-06-17,2024-06-27,Sprinter,Dealer,Offer Created
O000657,L001448,C004947,2025-03-29,2025-04-21,Vito,Dealer,Offer Created
O000658,L001449,C004950,2024-12-26,2025-01-07,V-Class,Dealer,Offer Created
O000659,L001450,C004955,2024-03-03,2024-03-05,V-Class,Direct Sales,Offer Created
O000660,L001456,C004982,2025-06-29,2025-07-08,V-Class,Dealer,Offer Created
O000661,L001459,C004995,2024-08-24,2024-08-31,Vito,Dealer,Offer Created
O000662,L001461,C004998,2024-05-03,2024-05-19,V-Class,Online,Offer Created
O000663,L001462,C004999,2024-03-24,2024-04-03,V-Class,Dealer,Offer Created
