purchase_id,customer_id,purchase_date,product,purchase_value,purchase_type,marketing_channel
P000001,C000019,2024-10-25,Sprinter,57241,Initial,Paid Search
P000002,C000031,2026-02-03,V-Class,73349,Initial,Email
P000003,C000031,2027-04-29,Sprinter,58903,Repeat,Email
P000004,C000092,2025-12-21,Vito,37089,Initial,Paid Search
P000005,C000115,2024-11-22,V-Class,69175,Initial,Paid Search
P000006,C000117,2026-03-01,Vito,44451,Initial,Referral
P000007,C000122,2024-10-15,Sprinter,57821,Initial,Website
P000008,C000124,2026-01-17,Sprinter,54222,Initial,Email
P000009,C000125,2025-07-08,Sprinter,48414,Initial,Referral
P000010,C000128,2024-08-01,Vito,41910,Initial,Dealer Event
P000011,C000132,2025-06-22,V-Class,67640,Initial,Dealer Event
P000012,C000144,2025-11-16,VLE,62479,Initial,Dealer Event
P000013,C000152,2025-05-29,Sprinter,48668,Initial,Email
P000014,C000163,2025-03-10,V-Class,67510,Initial,Website
P000015,C000167,2025-01-07,Vito,45084,Initial,Paid Search
P000016,C000177,2024-06-12,Vito,28350,Initial,Dealer Event
P000017,C000184,2025-06-23,Sprinter,52938,Initial,Dealer Event
P000018,C000211,2024-05-25,Vito,41511,Initial,Referral
P000019,C000229,2025-04-14,Sprinter,46982,Initial,Referral
P000020,C000231,2025-11-08,Sprinter,53697,Initial,Paid Search
P000021,C000231,2026-09-20,Sprinter,54036,Repeat,Paid Search
P000022,C000305,2024-07-17,Sprinter,61639,Initial,Website
P000023,C000305,2025-01-25,Sprinter,50017,Repeat,Website
P000024,C000311,2025-08-28,VLE,59604,Initial,Dealer Event
P000025,C000323,2025-12-06,Vito,39936,Initial,Paid Search
P000026,C000333,2024-09-10,Sprinter,55157,Initial,Social Media
P000027,C000333,2025-01-25,Vito,46185,Repeat,Social Media
P000028,C000347,2025-01-21,V-Class,68935,Initial,Referral
P000029,C000348,2025-10-24,V-Class,69389,Initial,Website
P000030,C000351,2025-10-04,Vito,47898,Initial,Paid Search
P000031,C000362,2025-01-17,VLE,67752,Initial,Dealer Event
P000032,C000372,2025-02-12,Vito,42455,Initial,Referral
P000033,C000381,2024-08-29,Vito,46127,Initial,Paid Search
P000034,C000411,2026-03-08,Vito,47835,Initial,Email
P000035,C000411,2027-01-26,V-Class,66004,Repeat,Email
P000036,C000412,2025-06-11,Vito,32308,Initial,Email
P000037,C000435,2024-10-06,Vito,35144,Initial,Website
P000038,C000496,2024-10-25,Vito,47443,Initial,Website
P000039,C000507,2025-11-30,V-Class,65720,Initial,Referral
P000040,C000542,2024-10-19,Vito,35746,Initial,Referral
P000041,C000558,2025-11-13,Vito,45524,Initial,Paid Search
P000042,C000558,2027-02-13,Sprinter,54784,Repeat,Paid Search
P000043,C000569,2024-12-12,Sprinter,49061,Initial,Referral
P000044,C000583,2025-12-04,Vito,43736,Initial,Referral
P000045,C000605,2025-05-29,Sprinter,53297,Initial,Website
P000046,C000612,2025-06-07,Vito,42160,Initial,Referral
P000047,C000626,2024-12-06,Sprinter,55584,Initial,Social Media
P000048,C000626,2025-09-29,Sprinter,47847,Repeat,Social Media
P000049,C000635,2024-10-28,Vito,48352,Initial,Referral
P000050,C000654,2024-09-14,VLE,53624,Initial,Paid Search
P000051,C000654,2025-02-05,Sprinter,56038,Repeat,Paid Search
P000052,C000663,2025-02-08,Vito,45495,Initial,Referral
P000053,C000683,2024-05-20,Sprinter,52422,Initial,Social Media
P000054,C000683,2025-08-18,VLE,65494,Repeat,Social Media
P000055,C000706,2025-12-02,Vito,41009,Initial,Paid Search
P000056,C000737,2025-10-29,V-Class,71543,Initial,Email
P000057,C000737,2026-12-03,V-Class,71471,Repeat,Email
P000058,C000739,2025-04-08,VLE,56771,Initial,Paid Search
P000059,C000755,2025-07-02,Sprinter,54082,Initial,Dealer Event
P000060,C000818,2024-11-29,Vito,34646,Initial,Referral
P000061,C000819,2024-10-15,Sprinter,46755,Initial,Paid Search
P000062,C000819,2025-12-18,Sprinter,59721,Repeat,Paid Search
P000063,C000821,2024-05-13,Vito,43109,Initial,Dealer Event
P000064,C000852,2024-12-16,Sprinter,52563,Initial,Dealer Event
P000065,C000854,2025-11-14,Sprinter,48214,Initial,Paid Search
P000066,C000859,2024-03-31,Vito,51026,Initial,Website
P000067,C000870,2024-09-02,Sprinter,54846,Initial,Paid Search
P000068,C000877,2025-03-09,VLE,61151,Initial,Email
P000069,C000879,2026-01-12,Sprinter,47386,Initial,Referral
P000070,C000894,2025-02-23,Sprinter,57416,Initial,Referral
P000071,C000901,2024-10-24,Vito,49727,Initial,Email
P000072,C000915,2025-02-23,V-Class,70632,Initial,Website
P000073,C000915,2026-05-25,Sprinter,54988,Repeat,Website
P000074,C000943,2025-04-08,VLE,64365,Initial,Website
P000075,C000952,2025-02-09,Sprinter,58020,Initial,Referral
P000076,C000954,2024-10-22,V-Class,68229,Initial,Dealer Event
P000077,C000971,2025-03-29,Sprinter,43803,Initial,Paid Search
P000078,C000978,2024-11-20,Sprinter,56342,Initial,Social Media
P000079,C000988,2025-01-05,V-Class,67588,Initial,Website
P000080,C001008,2026-02-14,Sprinter,49272,Initial,Paid Search
P000081,C001010,2024-07-27,VLE,57995,Initial,Referral
P000082,C001032,2024-08-14,VLE,56713,Initial,Referral
P000083,C001032,2025-11-25,V-Class,75030,Repeat,Referral
P000084,C001034,2025-04-28,V-Class,63235,Initial,Dealer Event
P000085,C001047,2024-05-22,Sprinter,51850,Initial,Website
P000086,C001048,2024-06-07,V-Class,76490,Initial,Dealer Event
P000087,C001049,2024-10-20,Vito,42862,Initial,Paid Search
P000088,C001053,2024-11-17,Sprinter,50958,Initial,Website
P000089,C001056,2025-09-03,VLE,60204,Initial,Dealer Event
P000090,C001059,2025-01-07,Sprinter,49271,Initial,Paid Search
P000091,C001088,2025-04-10,Vito,52712,Initial,Website
P000092,C001090,2025-10-14,Vito,46463,Initial,Website
P000093,C001095,2026-01-10,V-Class,70971,Initial,Website
P000094,C001137,2025-08-17,Sprinter,56921,Initial,Dealer Event
P000095,C001148,2025-08-11,VLE,63998,Initial,Dealer Event
P000096,C001151,2024-12-25,Sprinter,55340,Initial,Email
P000097,C001152,2024-11-05,Vito,39650,Initial,Dealer Event
P000098,C001163,2024-07-04,V-Class,66667,Initial,Social Media
P000099,C001163,2025-06-06,Vito,38409,Repeat,Social Media
P000100,C001165,2025-02-07,Sprinter,54411,Initial,Paid Search
P000101,C001178,2024-07-12,Sprinter,61363,Initial,Website
P000102,C001178,2025-01-07,Sprinter,49802,Repeat,Website
P000103,C001185,2025-07-27,V-Class,67475,Initial,Referral
P000104,C001197,2024-05-07,Vito,41563,Initial,Website
P000105,C001213,2025-12-20,Vito,38308,Initial,Website
P000106,C001217,2025-12-24,Sprinter,53796,Initial,Social Media
P000107,C001246,2024-09-16,V-Class,73151,Initial,Referral
P000108,C001253,2025-06-11,VLE,67594,Initial,Referral
P000109,C001272,2025-12-11,Sprinter,56332,Initial,Paid Search
P000110,C001278,2025-01-25,V-Class,71132,Initial,Website
P000111,C001278,2026-03-08,V-Class,69803,Repeat,Website
P000112,C001287,2025-01-18,Vito,37195,Initial,Email
P000113,C001288,2024-03-24,VLE,53716,Initial,Website
P000114,C001314,2024-08-26,Vito,48763,Initial,Website
P000115,C001325,2024-11-14,VLE,61989,Initial,Website
P000116,C001365,2025-03-28,VLE,66934,Initial,Dealer Event
P000117,C001399,2024-04-24,Sprinter,55286,Initial,Referral
P000118,C001404,2025-12-15,VLE,59167,Initial,Dealer Event
P000119,C001408,2025-10-16,VLE,68657,Initial,Website
P000120,C001488,2025-05-22,Sprinter,51601,Initial,Paid Search
P000121,C001495,2024-04-21,VLE,66489,Initial,Paid Search
P000122,C001507,2024-08-05,Sprinter,44299,Initial,Referral
P000123,C001535,2025-02-04,Vito,41605,Initial,Referral
P000124,C001535,2025-11-10,Vito,35104,Repeat,Referral
P000125,C001582,2025-07-21,VLE,64310,Initial,Website
P000126,C001582,2026-02-13,Sprinter,59118,Repeat,Website
P000127,C001589,2025-12-24,Sprinter,53828,Initial,Paid Search
P000128,C001591,2025-10-03,Sprinter,60906,Initial,Dealer Event
P000129,C001618,2024-05-08,V-Class,75084,Initial,Paid Search
P000130,C001637,2025-07-22,Sprinter,50802,Initial,Dealer Event
P000131,C001646,2025-04-12,V-Class,69183,Initial,Dealer Event
P000132,C001648,2025-05-15,Vito,36901,Initial,Dealer Event
P000133,C001651,2025-01-04,Vito,45079,Initial,Paid Search
P000134,C001657,2024-12-29,V-Class,72731,Initial,Email
P000135,C001662,2025-09-22,Sprinter,48665,Initial,Dealer Event
P000136,C001663,2024-06-02,Sprinter,54643,Initial,Paid Search
P000137,C001664,2024-11-09,Sprinter,51437,Initial,Website
P000138,C001671,2025-10-17,Vito,43160,Initial,Dealer Event
P000139,C001689,2025-05-29,VLE,64935,Initial,Social Media
P000140,C001731,2024-07-12,Sprinter,53062,Initial,Email
P000141,C001738,2024-11-17,VLE,57132,Initial,Website
P000142,C001738,2025-06-26,VLE,60748,Repeat,Website
P000143,C001740,2026-01-05,Sprinter,55151,Initial,Social Media
P000144,C001764,2025-01-22,Vito,39968,Initial,Paid Search
P000145,C001766,2024-09-15,Vito,35466,Initial,Referral
P000146,C001778,2026-02-07,V-Class,73112,Initial,Paid Search
P000147,C001802,2024-06-15,Sprinter,64530,Initial,Referral
P000148,C001802,2025-05-28,V-Class,66413,Repeat,Referral
P000149,C001823,2025-07-13,V-Class,70788,Initial,Social Media
P000150,C001823,2026-11-10,Sprinter,53188,Repeat,Social Media
P000151,C001849,2025-05-29,Sprinter,49335,Initial,Dealer Event
P000152,C001862,2025-05-28,VLE,55004,Initial,Referral
P000153,C001880,2024-06-27,Vito,38965,Initial,Dealer Event
P000154,C001910,2024-12-28,VLE,58714,Initial,Dealer Event
P000155,C001922,2025-09-03,VLE,57859,Initial,Dealer Event
P000156,C001957,2024-11-14,V-Class,71382,Initial,Paid Search
P000157,C001983,2025-07-31,Sprinter,50764,Initial,Referral
P000158,C001983,2025-12-14,VLE,69289,Repeat,Referral
P000159,C001988,2025-05-21,Vito,48326,Initial,Email
P000160,C001988,2026-05-21,Sprinter,57948,Repeat,Email
P000161,C001990,2025-02-24,Sprinter,46607,Initial,Referral
P000162,C001990,2026-04-29,VLE,63111,Repeat,Referral
P000163,C002035,2025-10-18,Vito,39732,Initial,Referral
P000164,C002044,2025-08-27,Vito,46708,Initial,Social Media
P000165,C002054,2025-09-22,Sprinter,50611,Initial,Website
P000166,C002123,2025-10-18,Sprinter,63580,Initial,Dealer Event
P000167,C002124,2024-07-15,Vito,45457,Initial,Website
P000168,C002124,2025-05-15,Vito,41039,Repeat,Website
P000169,C002129,2025-08-02,Vito,47832,Initial,Paid Search
P000170,C002147,2024-07-10,Sprinter,58789,Initial,Dealer Event
P000171,C002147,2025-07-30,Vito,45034,Repeat,Dealer Event
P000172,C002165,2024-10-18,V-Class,69100,Initial,Website
P000173,C002165,2026-02-08,Vito,52371,Repeat,Website
P000174,C002196,2024-05-18,Sprinter,48991,Initial,Website
P000175,C002196,2024-10-21,VLE,59158,Repeat,Website
P000176,C002230,2024-04-29,Vito,41836,Initial,Email
P000177,C002254,2025-11-21,V-Class,64568,Initial,Referral
P000178,C002266,2024-10-31,Sprinter,56725,Initial,Dealer Event
P000179,C002268,2024-07-22,VLE,61640,Initial,Paid Search
P000180,C002269,2025-06-14,Vito,47733,Initial,Dealer Event
P000181,C002286,2024-08-28,V-Class,72366,Initial,Paid Search
P000182,C002304,2024-06-19,Vito,36640,Initial,Email
P000183,C002312,2025-09-14,Sprinter,60248,Initial,Referral
P000184,C002330,2024-06-10,VLE,58405,Initial,Dealer Event
P000185,C002338,2024-10-28,VLE,58300,Initial,Paid Search
P000186,C002363,2024-03-11,V-Class,68359,Initial,Dealer Event
P000187,C002363,2024-08-08,VLE,64485,Repeat,Dealer Event
P000188,C002365,2025-02-21,Vito,48534,Initial,Dealer Event
P000189,C002368,2024-04-30,Sprinter,56027,Initial,Website
P000190,C002375,2025-06-11,VLE,70371,Initial,Website
P000191,C002386,2026-02-26,Sprinter,49804,Initial,Website
P000192,C002423,2025-11-24,Vito,35436,Initial,Dealer Event
P000193,C002444,2025-03-24,Sprinter,49614,Initial,Paid Search
P000194,C002473,2024-09-18,VLE,65095,Initial,Referral
P000195,C002503,2025-09-04,VLE,61389,Initial,Website
P000196,C002507,2024-11-21,Sprinter,58284,Initial,Social Media
P000197,C002514,2025-06-19,Sprinter,50128,Initial,Social Media
P000198,C002538,2025-10-07,VLE,58072,Initial,Paid Search
P000199,C002538,2026-08-11,Sprinter,50771,Repeat,Paid Search
P000200,C002553,2024-07-19,Vito,50332,Initial,Dealer Event
P000201,C002572,2025-07-20,Sprinter,50824,Initial,Referral
P000202,C002579,2024-12-23,VLE,65600,Initial,Website
P000203,C002587,2026-02-02,Sprinter,58084,Initial,Referral
P000204,C002587,2027-03-08,V-Class,70494,Repeat,Referral
P000205,C002594,2024-07-16,Sprinter,51228,Initial,Website
P000206,C002604,2025-07-16,Sprinter,55136,Initial,Referral
P000207,C002604,2026-03-18,V-Class,69181,Repeat,Referral
P000208,C002626,2025-11-21,Sprinter,49415,Initial,Referral
P000209,C002663,2025-10-02,VLE,60213,Initial,Paid Search
P000210,C002686,2024-10-15,V-Class,73383,Initial,Dealer Event
P000211,C002687,2024-06-13,Sprinter,58635,Initial,Website
P000212,C002696,2025-10-23,Vito,47588,Initial,Email
P000213,C002715,2024-08-08,Sprinter,57461,Initial,Email
P000214,C002737,2025-01-16,V-Class,77160,Initial,Paid Search
P000215,C002750,2025-07-19,VLE,59881,Initial,Paid Search
P000216,C002750,2026-11-10,Vito,44695,Repeat,Paid Search
P000217,C002762,2026-03-18,Sprinter,50102,Initial,Website
P000218,C002788,2026-01-21,V-Class,66212,Initial,Dealer Event
P000219,C002798,2025-02-21,Sprinter,55833,Initial,Referral
P000220,C002805,2025-11-24,Sprinter,50998,Initial,Email
P000221,C002806,2025-10-17,V-Class,74459,Initial,Social Media
P000222,C002806,2026-07-07,Sprinter,52455,Repeat,Social Media
P000223,C002869,2024-12-02,Vito,49871,Initial,Referral
P000224,C002895,2024-05-22,Vito,38308,Initial,Referral
P000225,C002896,2024-06-02,Vito,44926,Initial,Referral
P000226,C002916,2025-12-31,V-Class,70527,Initial,Email
P000227,C002939,2026-02-26,Sprinter,52400,Initial,Paid Search
P000228,C002954,2025-10-26,Sprinter,46040,Initial,Paid Search
P000229,C002974,2025-05-14,Sprinter,51892,Initial,Referral
P000230,C002985,2025-02-17,Sprinter,63430,Initial,Dealer Event
P000231,C003004,2024-06-30,VLE,64433,Initial,Referral
P000232,C003007,2024-08-30,Vito,44506,Initial,Website
P000233,C003014,2024-09-30,Sprinter,64218,Initial,Paid Search
P000234,C003019,2025-05-17,Sprinter,60501,Initial,Referral
P000235,C003028,2025-09-03,Vito,35831,Initial,Website
P000236,C003028,2026-12-01,V-Class,69818,Repeat,Website
P000237,C003043,2025-01-07,Sprinter,49258,Initial,Dealer Event
P000238,C003064,2024-06-20,Vito,43502,Initial,Referral
P000239,C003064,2025-03-29,Sprinter,57046,Repeat,Referral
P000240,C003073,2025-11-01,Sprinter,54377,Initial,Paid Search
P000241,C003083,2025-03-03,Vito,46538,Initial,Website
P000242,C003099,2024-12-05,V-Class,77696,Initial,Dealer Event
P000243,C003104,2025-06-20,V-Class,65748,Initial,Referral
P000244,C003104,2026-10-16,VLE,65563,Repeat,Referral
P000245,C003119,2025-05-28,V-Class,70052,Initial,Dealer Event
P000246,C003147,2025-03-25,V-Class,71438,Initial,Dealer Event
P000247,C003166,2024-04-12,Vito,37488,Initial,Dealer Event
P000248,C003166,2025-04-18,Vito,46801,Repeat,Dealer Event
P000249,C003169,2025-01-01,VLE,64181,Initial,Paid Search
P000250,C003172,2024-04-13,VLE,58111,Initial,Website
P000251,C003176,2026-02-10,Vito,45352,Initial,Email
P000252,C003176,2026-11-11,Sprinter,56898,Repeat,Email
P000253,C003177,2024-07-22,VLE,59035,Initial,Referral
P000254,C003200,2025-07-04,V-Class,71499,Initial,Email
P000255,C003205,2025-08-14,Sprinter,50754,Initial,Email
P000256,C003235,2025-09-01,Sprinter,60951,Initial,Website
P000257,C003235,2026-06-27,Sprinter,54209,Repeat,Website
P000258,C003237,2024-10-22,Vito,46582,Initial,Email
P000259,C003241,2024-04-25,Sprinter,54519,Initial,Paid Search
P000260,C003242,2025-07-05,Sprinter,60383,Initial,Referral
P000261,C003250,2024-04-19,Vito,40119,Initial,Email
P000262,C003263,2024-05-19,Vito,36101,Initial,Website
P000263,C003263,2024-11-21,V-Class,69486,Repeat,Website
P000264,C003267,2025-06-02,V-Class,66337,Initial,Dealer Event
P000265,C003267,2026-01-13,Vito,37040,Repeat,Dealer Event
P000266,C003276,2025-10-15,V-Class,63120,Initial,Dealer Event
P000267,C003310,2024-04-27,Vito,53839,Initial,Website
P000268,C003317,2025-11-16,Vito,37804,Initial,Dealer Event
P000269,C003317,2026-08-06,V-Class,65306,Repeat,Dealer Event
P000270,C003327,2025-07-16,Sprinter,59213,Initial,Dealer Event
P000271,C003328,2025-02-27,V-Class,80338,Initial,Dealer Event
P000272,C003340,2025-02-20,Vito,40829,Initial,Referral
P000273,C003351,2024-09-07,Sprinter,55016,Initial,Paid Search
P000274,C003351,2025-05-21,V-Class,66850,Repeat,Paid Search
P000275,C003374,2026-01-17,VLE,60676,Initial,Website
P000276,C003375,2024-05-27,Vito,33460,Initial,Social Media
P000277,C003403,2025-02-16,V-Class,61391,Initial,Website
P000278,C003405,2025-12-10,Vito,33252,Initial,Website
P000279,C003405,2026-07-29,V-Class,65258,Repeat,Website
P000280,C003422,2024-07-01,Vito,45512,Initial,Website
P000281,C003435,2025-12-09,VLE,64787,Initial,Paid Search
P000282,C003435,2027-03-13,Vito,43103,Repeat,Paid Search
P000283,C003441,2024-10-17,V-Class,67359,Initial,Dealer Event
P000284,C003441,2025-03-18,Vito,43441,Repeat,Dealer Event
P000285,C003475,2024-10-29,Sprinter,47039,Initial,Referral
P000286,C003493,2026-01-05,Vito,35861,Initial,Website
P000287,C003529,2025-09-24,Sprinter,43031,Initial,Dealer Event
P000288,C003544,2026-01-23,VLE,61854,Initial,Website
P000289,C003560,2024-04-18,Vito,38759,Initial,Website
P000290,C003571,2025-03-10,VLE,64983,Initial,Dealer Event
P000291,C003573,2025-03-19,Sprinter,60340,Initial,Dealer Event
P000292,C003585,2024-03-23,VLE,65464,Initial,Email
P000293,C003586,2025-01-11,Sprinter,57670,Initial,Paid Search
P000294,C003590,2025-07-21,Vito,51962,Initial,Paid Search
P000295,C003597,2024-06-23,VLE,63887,Initial,Referral
P000296,C003600,2025-02-21,Sprinter,51598,Initial,Email
P000297,C003698,2024-07-21,Sprinter,63230,Initial,Dealer Event
P000298,C003753,2026-01-02,Sprinter,55150,Initial,Dealer Event
P000299,C003773,2025-05-16,Sprinter,56452,Initial,Dealer Event
P000300,C003780,2025-08-31,Sprinter,55677,Initial,Dealer Event
P000301,C003780,2026-08-22,Vito,42280,Repeat,Dealer Event
P000302,C003786,2024-12-06,Sprinter,46122,Initial,Website
P000303,C003813,2024-09-03,Sprinter,56372,Initial,Dealer Event
P000304,C003815,2026-02-01,Vito,36320,Initial,Dealer Event
P000305,C003825,2025-02-11,V-Class,70194,Initial,Paid Search
P000306,C003843,2025-03-22,Sprinter,54896,Initial,Dealer Event
P000307,C003866,2024-11-09,Vito,40805,Initial,Dealer Event
P000308,C003870,2025-05-10,Sprinter,56357,Initial,Referral
P000309,C003878,2025-10-18,V-Class,58109,Initial,Website
P000310,C003887,2024-11-09,V-Class,64078,Initial,Dealer Event
P000311,C003893,2025-04-29,VLE,65094,Initial,Website
P000312,C003897,2024-05-02,V-Class,66906,Initial,Website
P000313,C003897,2025-06-05,Vito,36935,Repeat,Website
P000314,C003929,2025-07-13,Vito,32720,Initial,Referral
P000315,C003931,2024-05-03,Vito,47221,Initial,Email
P000316,C003932,2025-09-09,VLE,63423,Initial,Dealer Event
P000317,C003938,2024-04-05,Vito,42072,Initial,Website
P000318,C003951,2025-05-14,Vito,51386,Initial,Website
P000319,C003977,2025-05-16,V-Class,74009,Initial,Email
P000320,C003978,2025-04-27,V-Class,64003,Initial,Website
P000321,C003978,2025-11-17,V-Class,70197,Repeat,Website
P000322,C003979,2024-11-13,V-Class,71652,Initial,Referral
P000323,C003999,2025-02-13,V-Class,68488,Initial,Email
P000324,C004004,2024-05-29,Sprinter,45329,Initial,Dealer Event
P000325,C004006,2024-07-31,VLE,58314,Initial,Website
P000326,C004006,2025-07-04,V-Class,70309,Repeat,Website
P000327,C004024,2024-06-24,V-Class,69849,Initial,Referral
P000328,C004044,2024-03-31,Sprinter,51293,Initial,Website
P000329,C004044,2025-05-19,Vito,46123,Repeat,Website
P000330,C004065,2025-12-09,V-Class,68908,Initial,Email
P000331,C004065,2026-05-13,VLE,62116,Repeat,Email
P000332,C004070,2024-12-26,Sprinter,58051,Initial,Dealer Event
P000333,C004070,2026-01-21,Sprinter,54376,Repeat,Dealer Event
P000334,C004103,2025-12-11,VLE,54754,Initial,Dealer Event
P000335,C004107,2024-06-19,Sprinter,51791,Initial,Social Media
P000336,C004108,2024-10-06,V-Class,72448,Initial,Referral
P000337,C004108,2026-02-24,V-Class,69696,Repeat,Referral
P000338,C004110,2025-03-10,Sprinter,53816,Initial,Paid Search
P000339,C004110,2025-12-17,V-Class,65713,Repeat,Paid Search
P000340,C004122,2026-02-26,VLE,58549,Initial,Website
P000341,C004150,2025-01-20,Sprinter,52942,Initial,Dealer Event
P000342,C004155,2026-01-13,V-Class,77246,Initial,Website
P000343,C004156,2025-10-10,Vito,45948,Initial,Website
P000344,C004162,2025-09-10,Sprinter,53504,Initial,Referral
P000345,C004208,2026-02-26,Vito,41176,Initial,Dealer Event
P000346,C004215,2025-04-27,Vito,47505,Initial,Dealer Event
P000347,C004215,2026-02-05,Sprinter,59653,Repeat,Dealer Event
P000348,C004216,2024-03-28,Sprinter,47840,Initial,Paid Search
P000349,C004248,2026-02-17,V-Class,61265,Initial,Dealer Event
P000350,C004267,2025-10-06,V-Class,71834,Initial,Paid Search
P000351,C004267,2026-06-05,Sprinter,55123,Repeat,Paid Search
P000352,C004297,2024-10-02,Sprinter,50685,Initial,Dealer Event
P000353,C004300,2024-06-10,VLE,59156,Initial,Paid Search
P000354,C004310,2026-03-01,V-Class,76030,Initial,Paid Search
P000355,C004312,2025-02-19,Vito,46616,Initial,Website
P000356,C004313,2024-11-07,Sprinter,55465,Initial,Dealer Event
P000357,C004320,2025-05-07,Vito,41152,Initial,Referral
P000358,C004341,2025-04-11,Sprinter,46462,Initial,Email
P000359,C004349,2025-09-29,Sprinter,54483,Initial,Website
P000360,C004387,2025-11-14,Vito,41897,Initial,Dealer Event
P000361,C004387,2026-07-14,Sprinter,55533,Repeat,Dealer Event
P000362,C004396,2024-08-01,Vito,43250,Initial,Dealer Event
P000363,C004400,2025-12-15,VLE,61200,Initial,Dealer Event
P000364,C004402,2025-12-17,Vito,44549,Initial,Website
P000365,C004435,2024-03-31,Sprinter,54662,Initial,Website
P000366,C004505,2024-03-21,Sprinter,59929,Initial,Email
P000367,C004508,2024-08-07,Vito,32867,Initial,Referral
P000368,C004511,2025-10-16,Vito,50192,Initial,Paid Search
P000369,C004519,2024-09-01,VLE,65624,Initial,Dealer Event
P000370,C004528,2025-04-02,Sprinter,48395,Initial,Paid Search
P000371,C004539,2024-11-19,Sprinter,52622,Initial,Paid Search
P000372,C004554,2026-01-25,V-Class,71622,Initial,Website
P000373,C004555,2025-02-20,Vito,45086,Initial,Referral
P000374,C004557,2026-02-10,Sprinter,57040,Initial,Referral
P000375,C004557,2027-05-27,Sprinter,53589,Repeat,Referral
P000376,C004559,2025-04-06,V-Class,69537,Initial,Email
P000377,C004592,2026-01-31,Vito,32809,Initial,Referral
P000378,C004592,2026-12-25,Vito,41788,Repeat,Referral
P000379,C004623,2025-10-27,V-Class,70648,Initial,Dealer Event
P000380,C004658,2024-05-08,Sprinter,53256,Initial,Website
P000381,C004685,2025-12-14,Sprinter,56857,Initial,Referral
P000382,C004695,2025-02-16,Sprinter,56159,Initial,Website
P000383,C004704,2025-04-09,Sprinter,52856,Initial,Social Media
P000384,C004717,2024-08-26,V-Class,66670,Initial,Dealer Event
P000385,C004719,2025-12-13,V-Class,67594,Initial,Website
P000386,C004749,2025-10-15,Sprinter,52774,Initial,Referral
P000387,C004752,2025-08-30,V-Class,72293,Initial,Dealer Event
P000388,C004753,2025-10-23,Vito,36831,Initial,Email
P000389,C004756,2025-09-09,V-Class,72805,Initial,Dealer Event
P000390,C004773,2024-06-26,Vito,48962,Initial,Paid Search
P000391,C004780,2026-01-29,V-Class,68385,Initial,Referral
P000392,C004780,2027-05-16,Vito,46396,Repeat,Referral
P000393,C004790,2025-05-06,Sprinter,53282,Initial,Dealer Event
P000394,C004827,2025-06-07,Sprinter,52515,Initial,Dealer Event
P000395,C004836,2025-09-08,Vito,44518,Initial,Paid Search
P000396,C004843,2024-08-20,Vito,42605,Initial,Website
P000397,C004854,2025-03-13,Vito,47168,Initial,Dealer Event
P000398,C004854,2026-04-08,Sprinter,55459,Repeat,Dealer Event
P000399,C004862,2024-07-24,Sprinter,52723,Initial,Dealer Event
P000400,C004883,2025-07-28,V-Class,73288,Initial,Paid Search
P000401,C004894,2024-12-16,VLE,59783,Initial,Website
P000402,C004894,2025-09-21,Sprinter,58432,Repeat,Website
P000403,C004906,2025-12-14,Vito,38978,Initial,Email
P000404,C004915,2025-02-27,VLE,61574,Initial,Website
P000405,C004924,2024-09-30,V-Class,66424,Initial,Social Media
P000406,C004930,2025-06-24,V-Class,69237,Initial,Dealer Event
P000407,C004930,2026-02-27,Vito,49325,Repeat,Dealer Event
P000408,C004932,2025-03-13,Vito,56301,Initial,Dealer Event
P000409,C004947,2025-05-09,Vito,47090,Initial,Paid Search
P000410,C004950,2025-02-10,V-Class,73550,Initial,Email
P000411,C004982,2025-07-13,V-Class,72624,Initial,Paid Search
P000412,C004982,2026-10-24,Vito,44890,Repeat,Paid Search
P000413,C004998,2024-06-05,V-Class,73434,Initial,Email
P000414,C004998,2024-12-06,Sprinter,49705,Repeat,Email
P000415,C004999,2024-04-09,V-Class,70999,Initial,Social Media
